Length,Clients,Pause,Queries,Time
1000,10,50,30,8.938983050847458
1500,10,50,30,11.803389830508475
2000,10,50,30,21.160958904109588
2500,10,50,30,74.49305555555556
3000,10,50,30,311.80689655172415
3500,10,50,30,777.7824561403509
4000,10,50,30,1365.826388888889
4500,10,50,30,2061.636678200692
5000,10,50,30,3211.4827586206898
5500,10,50,30,3972.4172413793103
6000,10,50,30,4947.7420494699645
6500,10,50,30,5820.506993006993
7000,10,50,30,7130.7852112676055
