Length,Clients,Pause,Queries,Time
500,10,50,30,5.020477815699659
1000,10,50,30,7.6825938566552905
1500,10,50,30,12.606164383561644
2000,10,50,30,27.034364261168385
2500,10,50,30,43.53767123287671
3000,10,50,30,264.135231316726
3500,10,50,30,692.0794223826715
4000,10,50,30,1266.5570934256054
4500,10,50,30,1825.9125874125873
5000,10,50,30,2523.0874125874125
5500,10,50,30,3561.7681660899652
6000,10,50,30,4401.9034482758625
6500,10,50,30,5293.734265734266
7000,10,50,30,6808.172413793103
