Length,Clients,Pause,Queries,Time
500,10,50,30,4.42320819112628
1000,10,50,30,8.29896907216495
1500,10,50,30,16.715753424657535
2000,10,50,30,16.467353951890033
2500,10,50,30,39.982817869415804
3000,10,50,30,100.06529209621993
3500,10,50,30,359.7182130584192
4000,10,50,30,810.5738831615121
4500,10,50,30,1422.3333333333333
5000,10,50,30,2206.4123711340208
5500,10,50,30,2979.1580756013745
6000,10,50,30,3911.635738831615
6500,10,50,30,4900.766323024055
7000,10,50,30,5828.182130584192
