Length,Clients,Pause,Queries,Time
5000,5,50,10,112.84782608695652
5000,10,50,10,148.5632183908046
5000,15,50,10,262.8796992481203
5000,20,50,10,378.1899441340782
5000,25,50,10,485.8495575221239
5000,30,50,10,590.9
5000,35,50,10,716.6038338658147
5000,40,50,10,883.4709141274238
5000,45,50,10,1018.325925925926
5000,50,50,10,1130.59375
