Length,Clients,Pause,Queries,Time
1000,10,50,30,9.387205387205388
1500,10,50,30,11.486301369863014
2000,10,50,30,24.144329896907216
2500,10,50,30,157.08680555555554
3000,10,50,30,1019.2918149466192
3500,10,50,30,1637.0588235294117
4000,10,50,30,2834.2535211267605
4500,10,50,30,2459.526132404181
5000,10,50,30,3210.1719298245616
5500,10,50,30,4934.458333333333
6000,10,50,30,5673.778546712802
6500,10,50,30,6392.633451957296
7000,10,50,30,7867.505226480836
