Length,Clients,Pause,Queries,Time
3000,5,50,30,41.821917808219176
3000,10,50,30,125.18213058419244
3000,15,50,30,482.4334862385321
3000,20,50,30,1005.5834767641996
3000,25,50,30,1959.5164670658683
3000,30,50,30,2763.801410105758
3000,35,50,30,2990.318869828456
3000,40,50,30,3689.55
3000,45,50,30,4424.156786271451
3000,50,50,30,5246.494051784464
