Length,Clients,Pause,Queries,Time
3000,5,50,30,42.636986301369866
3000,10,50,30,360.1512027491409
3000,15,50,30,940.993119266055
3000,20,50,30,1569.1975736568459
3000,25,50,30,2293.8135359116022
3000,30,50,30,3081.2517482517483
3000,35,50,30,3696.937875751503
3000,40,50,30,4395.509956709957
3000,45,50,30,4874.7806748466255
3000,50,50,30,5570.643806857943
