Length,Clients,Pause,Queries,Time
3000,10,1,30,1165.213058419244
3000,10,51,30,179.31615120274915
3000,10,101,30,52.797250859106526
3000,10,151,30,56.417808219178085
3000,10,201,30,56.312714776632305
3000,10,251,30,45.986254295532646
3000,10,301,30,52.33676975945017
3000,10,351,30,49.04123711340206
3000,10,401,30,52.63230240549828
3000,10,451,30,50.44329896907217
3000,10,501,30,49.09278350515464
