Length,Clients,Pause,Queries,Time
3000,10,1,30,1096.5922746781116
3000,10,51,30,467.1758620689655
3000,10,101,30,58.34707903780069
3000,10,151,30,55.391752577319586
3000,10,201,30,53.5360824742268
3000,10,251,30,47.92123287671233
3000,10,301,30,51.28865979381443
3000,10,351,30,48.013745704467354
3000,10,401,30,51.55670103092783
3000,10,451,30,49.23711340206186
3000,10,501,30,50.560137457044675
