Length,Clients,Pause,Queries,Time
5000,5,50,10,115.1086956521739
5000,10,50,10,154.28571428571428
5000,15,50,10,259.3953488372093
5000,20,50,10,392.95580110497235
5000,25,50,10,494.3777777777778
5000,30,50,10,606.6185185185185
5000,35,50,10,731.0638977635783
5000,40,50,10,881.0720221606648
5000,45,50,10,1038.1002506265663
5000,50,50,10,1134.7924107142858
