Length,Clients,Pause,Queries,Time
3000,1,50,30,29.133333333333333
3000,11,50,30,505.27884615384613
3000,21,50,30,1699.9458128078818
3000,31,50,30,3057.2279329608937
3000,41,50,30,4441.922099915326
3000,51,50,30,5861.9383468834685
3000,61,50,30,9310.963214487832
3000,71,50,30,13434.277533039647
3000,81,50,30,10832.152658662093
3000,91,50,30,14529.533383915023
3000,101,50,30,17009.938725490196
