Length,Clients,Pause,Queries,Time
5000,10,1,10,220.98888888888888
5000,10,51,10,164.13333333333333
5000,10,101,10,121.67415730337079
5000,10,151,10,111.31868131868131
5000,10,201,10,104.9010989010989
5000,10,251,10,112.1978021978022
5000,10,301,10,110.4065934065934
5000,10,351,10,104.07692307692308
5000,10,401,10,104.26373626373626
5000,10,451,10,95.4065934065934
5000,10,501,10,106.13186813186813
