Length,Clients,Pause,Queries,Time
3000,1,50,30,18.566666666666666
3000,11,50,30,342.55
3000,21,50,30,1478.890728476821
3000,31,50,30,2759.7808988764045
3000,41,50,30,4086.618274978651
3000,51,50,30,5222.101123595506
3000,61,50,30,6987.886098130841
3000,71,50,30,8198.589154860772
3000,81,50,30,10026.181977252843
3000,91,50,30,11775.959723820484
3000,101,50,30,13262.183694891533
