Length,Clients,Pause,Queries,Time
5000,10,1,10,225.61797752808988
5000,10,51,10,154.78021978021977
5000,10,101,10,120.48351648351648
5000,10,151,10,111.02197802197803
5000,10,201,10,108.13186813186813
5000,10,251,10,110.37362637362638
5000,10,301,10,104.10989010989012
5000,10,351,10,111.5934065934066
5000,10,401,10,100.04395604395604
5000,10,451,10,101.53260869565217
5000,10,501,10,108.36263736263736
