Length,Clients,Pause,Queries,Time
5000,10,1,10,217.02380952380952
5000,10,51,10,161.1888888888889
5000,10,101,10,125.53846153846153
5000,10,151,10,110.51648351648352
5000,10,201,10,109.1978021978022
5000,10,251,10,109.6923076923077
5000,10,301,10,113.15384615384616
5000,10,351,10,101.6923076923077
5000,10,401,10,94.7032967032967
5000,10,451,10,93.16483516483517
5000,10,501,10,98.04395604395604
