Length,Clients,Pause,Queries,Time
3000,1,50,30,27.266666666666666
3000,11,50,30,782.5416666666666
3000,21,50,30,1975.505785123967
3000,31,50,30,3738.0212290502795
3000,41,50,30,5881.782462057336
3000,51,50,30,6497.1232130701155
3000,61,50,30,7878.041312959819
3000,71,50,30,9569.290291262136
3000,81,50,30,10652.621748400852
3000,91,50,30,12246.272003034901
3000,101,50,30,14359.80717948718
