Length,Clients,Pause,Queries,Time
3000,10,1,30,1241.8379310344828
3000,10,51,30,483.2035714285714
3000,10,101,30,52.74226804123711
3000,10,151,30,53.649484536082475
3000,10,201,30,51.21993127147766
3000,10,251,30,48.53264604810997
3000,10,301,30,50.446735395189
3000,10,351,30,49.202749140893474
3000,10,401,30,53.69178082191781
3000,10,451,30,53.44329896907217
3000,10,501,30,51.52233676975945
