Length,Clients,Pause,Queries,Time
500,10,50,30,4.535593220338983
1000,10,50,30,7.962457337883959
1500,10,50,30,14.04109589041096
2000,10,50,30,23.551369863013697
2500,10,50,30,40.123711340206185
3000,10,50,30,258.36426116838487
3500,10,50,30,681.7379310344828
4000,10,50,30,1192.9656357388317
4500,10,50,30,1808.7285223367699
5000,10,50,30,2712.7113402061855
5500,10,50,30,3786.807560137457
6000,10,50,30,4605.460481099656
6500,10,50,30,6133.329896907217
7000,10,50,30,6703.621993127148
