Length,Clients,Pause,Queries,Time
1000,10,50,30,6.816326530612245
1500,10,50,30,10.36551724137931
2000,10,50,30,21.701030927835053
2500,10,50,30,62.71180555555556
3000,10,50,30,117.81138790035587
3500,10,50,30,159.77205882352942
4000,10,50,30,223.26408450704224
4500,10,50,30,221.54006968641116
5000,10,50,30,281.4736842105263
5500,10,50,30,375.0729166666667
6000,10,50,30,434.25259515570934
6500,10,50,30,498.6868327402135
7000,10,50,30,587.7386759581882
