Length,Clients,Pause,Queries,Time
3000,5,50,30,41.417808219178085
3000,10,50,30,79.58156028368795
3000,15,50,30,115.85057471264368
3000,20,50,30,158.47743055555554
3000,25,50,30,203.1263888888889
3000,30,50,30,247.49483352468428
3000,35,50,30,305.9487684729064
3000,40,50,30,347.6571675302245
3000,45,50,30,405.74347158218126
3000,50,50,30,447.82458563535914
