Length,Clients,Pause,Queries,Time
3000,1,50,30,20.1
3000,11,50,30,57.140625
3000,21,50,30,57.3900826446281
3000,31,50,30,56.513483146067415
3000,41,50,30,57.214346712211785
3000,51,50,30,57.42064606741573
3000,61,50,30,59.67950963222417
3000,71,50,30,57.19131283552953
3000,81,50,30,61.60008741258741
3000,91,50,30,61.544861963190186
3000,101,50,30,61.75900664568031
