Length,Clients,Pause,Queries,Time
3000,10,1,30,51.39914163090129
3000,10,51,30,48.65862068965517
3000,10,101,30,44.10616438356164
3000,10,151,30,42.14089347079038
3000,10,201,30,40.47422680412371
3000,10,251,30,38.13356164383562
3000,10,301,30,42.05154639175258
3000,10,351,30,41.74914089347079
3000,10,401,30,40.16494845360825
3000,10,451,30,39.170648464163826
3000,10,501,30,37.87285223367697
