Length,Clients,Pause,Queries,Time
3000,1,50,30,22.133333333333333
3000,11,50,30,57.573667711598745
3000,21,50,30,58.635467980295566
3000,31,50,30,61.32333333333333
3000,41,50,30,60.55959425190194
3000,51,50,30,60.59725085910653
3000,61,50,30,61.05159705159705
3000,71,50,30,72.78530183727034
3000,81,50,30,64.13012392755004
3000,91,50,30,64.95682819383259
3000,101,50,30,67.95472948104528
