Length,Clients,Pause,Queries,Time
500,10,50,30,2.863481228668942
1000,10,50,30,6.040955631399317
1500,10,50,30,11.243150684931507
2000,10,50,30,23.70790378006873
2500,10,50,30,40.62671232876713
3000,10,50,30,73.11032028469751
3500,10,50,30,102.72563176895306
4000,10,50,30,137.16955017301038
4500,10,50,30,178.3041958041958
5000,10,50,30,226.54703832752614
5500,10,50,30,294.2768166089965
6000,10,50,30,349.30689655172415
6500,10,50,30,412.27272727272725
7000,10,50,30,509.23793103448276
