Length,Clients,Pause,Queries,Time
5000,10,1,10,134.48809523809524
5000,10,51,10,126.03333333333333
5000,10,101,10,113.25274725274726
5000,10,151,10,101.8021978021978
5000,10,201,10,100.79120879120879
5000,10,251,10,99.04395604395604
5000,10,301,10,101.75824175824175
5000,10,351,10,92.2967032967033
5000,10,401,10,87.41758241758242
5000,10,451,10,86.32967032967034
5000,10,501,10,90.4065934065934
