Length,Clients,Pause,Queries,Time
500,10,50,30,2.0610169491525423
1000,10,50,30,4.878378378378378
1500,10,50,30,9.486301369863014
2000,10,50,30,17.493150684931507
2500,10,50,30,27.80068728522337
3000,10,50,30,45.391752577319586
3500,10,50,30,61.98275862068966
4000,10,50,30,82.69072164948453
4500,10,50,30,108.19243986254295
5000,10,50,30,147.10652920962198
5500,10,50,30,186.16494845360825
6000,10,50,30,224.9106529209622
6500,10,50,30,282.83505154639175
7000,10,50,30,314.7182130584192
