Length,Clients,Pause,Queries,Time
5000,5,50,10,96.97826086956522
5000,10,50,10,129.73626373626374
5000,15,50,10,139.13432835820896
5000,20,50,10,136.51111111111112
5000,25,50,10,140.5919282511211
5000,30,50,10,138.25185185185185
5000,35,50,10,142.52698412698413
5000,40,50,10,150.87430167597765
5000,45,50,10,148.4716049382716
5000,50,50,10,144.52771618625277
