Length,Clients,Pause,Queries,Time
5000,5,50,10,109.45652173913044
5000,10,50,10,126.03296703296704
5000,15,50,10,130.68992248062017
5000,20,50,10,140.19337016574585
5000,25,50,10,136.36444444444444
5000,30,50,10,137.7111111111111
5000,35,50,10,140.4185303514377
5000,40,50,10,146.792243767313
5000,45,50,10,152.56641604010025
5000,50,50,10,149.369710467706
