Length,Clients,Pause,Queries,Time
500,10,50,30,2.0409556313993176
1000,10,50,30,4.815068493150685
1500,10,50,30,10.764505119453926
2000,10,50,30,15.192439862542955
2500,10,50,30,31.66780821917808
3000,10,50,30,48.2852233676976
3500,10,50,30,65.95876288659794
4000,10,50,30,89.0446735395189
4500,10,50,30,117.43642611683849
5000,10,50,30,153.4570446735395
5500,10,50,30,184.95189003436425
6000,10,50,30,223.12027491408935
6500,10,50,30,264.97250859106526
7000,10,50,30,301.38831615120273
