Length,Clients,Pause,Queries,Time
3000,10,1,30,48.19931271477663
3000,10,51,30,48.65292096219931
3000,10,101,30,43.10996563573883
3000,10,151,30,42.74829931972789
3000,10,201,30,41.79037800687285
3000,10,251,30,36.828178694158076
3000,10,301,30,39.93814432989691
3000,10,351,30,40.06872852233677
3000,10,401,30,39.766323024054984
3000,10,451,30,37.53264604810997
3000,10,501,30,39.608247422680414
