Length,Clients,Pause,Queries,Time
5000,10,1,10,210.51111111111112
5000,10,51,10,160.9777777777778
5000,10,101,10,119.08988764044943
5000,10,151,10,108.6923076923077
5000,10,201,10,102.31868131868131
5000,10,251,10,109.45054945054945
5000,10,301,10,107.93406593406593
5000,10,351,10,101.18681318681318
5000,10,401,10,101.51648351648352
5000,10,451,10,92.93406593406593
5000,10,501,10,103.45054945054945
