Length,Clients,Pause,Queries,Time
3000,10,1,30,78.07241379310345
3000,10,51,30,80.14285714285714
3000,10,101,30,50.986254295532646
3000,10,151,30,51.76288659793814
3000,10,201,30,49.213058419243985
3000,10,251,30,46.602739726027394
3000,10,301,30,48.39862542955326
3000,10,351,30,46.94845360824742
3000,10,401,30,51.76027397260274
3000,10,451,30,51.085910652920965
3000,10,501,30,49.41580756013746
