Length,Clients,Pause,Queries,Time
5000,10,1,10,137.2808988764045
5000,10,51,10,121.87912087912088
5000,10,101,10,110.73626373626374
5000,10,151,10,102.78021978021978
5000,10,201,10,98.81318681318682
5000,10,251,10,101.4065934065934
5000,10,301,10,96.52747252747253
5000,10,351,10,100.7032967032967
5000,10,401,10,92.25274725274726
5000,10,451,10,94.03260869565217
5000,10,501,10,97.8021978021978
