Length,Clients,Pause,Queries,Time
5000,5,50,10,107.32608695652173
5000,10,50,10,146.01149425287358
5000,15,50,10,260.2631578947368
5000,20,50,10,376.804469273743
5000,25,50,10,484.1106194690266
5000,30,50,10,589.6777777777778
5000,35,50,10,714.85303514377
5000,40,50,10,882.1606648199446
5000,45,50,10,1016.115763546798
5000,50,50,10,1129.3816964285713
