Length,Clients,Pause,Queries,Time
3000,1,50,30,25.166666666666668
3000,11,50,30,88.97734627831716
3000,21,50,30,170.2970297029703
3000,31,50,30,263.1500559910414
3000,41,50,30,356.6983857264231
3000,51,50,30,451.7823728813559
3000,61,50,30,744.8252977878616
3000,71,50,30,888.7274509803922
3000,81,50,30,783.3667953667954
3000,91,50,30,1061.296394686907
3000,101,50,30,1179.3626489138053
